No. of points(n), No. of dimensions(d), Epsilon, Size of subset(points in U), Sparsity for points not in U, Sparsity coeff, Avg.Cost
351,34,1.4024,93,2,0.018656,1.2542
351,34,1.4024,92,3,0.026911,1.1889
351,34,1.4024,93,2,0.018656,1.2664
351,34,1.4024,92,3,0.026911,1.155
351,34,1.4024,92,3,0.026911,1.15
351,34,1.4024,92,3,0.026911,1.1785
351,34,1.4024,92,3,0.026911,1.1973
351,34,1.4024,93,3,0.02656,1.1506
351,34,1.4024,92,3,0.026911,1.2172
351,34,1.4024,93,2,0.018656,1.3175
