No. of points(n), No. of dimensions(d), Epsilon, Size of subset(points in U), Sparsity for points not in U, Sparsity coeff, Avg.Cost
569,30,30.395,126,1,0.0079365,23.676
569,30,30.395,139,1,0.0071942,21.684
569,30,30.395,132,1,0.0075758,23.073
569,30,30.395,130,1,0.0076923,25.627
569,30,30.395,140,1,0.0071429,21.366
569,30,30.395,139,1,0.0071942,21.598
